target_count,months,net_cagr,gross_cagr,benchmark_cagr,annualized_volatility,sharpe_rf0,maximum_drawdown,calmar,annualized_excess_return,information_ratio,average_turnover,average_selected_count,minimum_eligible_count,positive_month_ratio
30,60,0.09447035203992904,0.09676394460986915,0.12359572486898096,0.15240125250301745,0.6694520667546698,-0.2096555968610958,0.4505978063753717,-0.022003286568893957,-0.31816061535082013,0.17575443354344272,30.0,433,0.6166666666666667
50,60,0.10116210997714226,0.10318729163789975,0.12359572486898096,0.13924902251895924,0.7631523994795572,-0.17423297927346815,0.5806140169270871,-0.017760394372512638,-0.3438480761549482,0.15495286162277758,50.0,433,0.6333333333333333
100,60,0.10944711063251145,0.1110831737350979,0.12359572486898096,0.1345930772073009,0.8411392186512213,-0.15517876078419146,0.7052969754328723,-0.010817104235026718,-0.2648677241509676,0.12450751683228423,100.0,433,0.6833333333333333
